{"$schema":"http://schema.management.azure.com/schemas/2015-01-01/deploymentTemplate.json#","contentVersion":"1.0.0.0","parameters":{"factoryName":{"type":"string","metadata":"データ ファクトリ名"}},"variables":{"factoryId":"[concat('Microsoft.DataFactory/factories/', parameters('factoryName'))]"},"resources":[{"name":"[concat(parameters('factoryName'), '/run_databricks_job')]","type":"Microsoft.DataFactory/factories/pipelines","apiVersion":"2018-06-01","properties":{"activities":[{"name":"execute_job_run","type":"WebActivity","dependsOn":[],"policy":{"timeout":"0.12:00:00","retry":0,"retryIntervalInSeconds":30,"secureOutput":false,"secureInput":false},"userProperties":[],"typeProperties":{"url":{"value":"https://@{pipeline().parameters.DatabricksWorkspaceId}.azuredatabricks.net/api/2.1/jobs/run-now","type":"Expression"},"method":"POST","headers":{},"body":{"value":"{\"job_id\":@{pipeline().parameters.JobId}}","type":"Expression"},"authentication":{"type":"MSI","resource":"2ff814a6-3304-4ab8-85cb-cd0e6f879c1d "}}},{"name":"until_end_run","type":"Until","dependsOn":[{"activity":"execute_job_run","dependencyConditions":["Succeeded"]}],"userProperties":[],"typeProperties":{"expression":{"value":"@not(equals(variables('run_status'),'RUNNING'))","type":"Expression"},"activities":[{"name":"get_run_status","type":"WebActivity","dependsOn":[],"policy":{"timeout":"0.12:00:00","retry":0,"retryIntervalInSeconds":30,"secureOutput":false,"secureInput":false},"userProperties":[],"typeProperties":{"url":{"value":"https://@{pipeline().parameters.DatabricksWorkspaceId}.azuredatabricks.net/api/2.1/jobs/runs/get?run_id=@{activity('execute_job_run').output.run_id}","type":"Expression"},"method":"GET","headers":{},"authentication":{"type":"MSI","resource":"2ff814a6-3304-4ab8-85cb-cd0e6f879c1d "}}},{"name":"set_run_status","type":"SetVariable","dependsOn":[{"activity":"get_run_status","dependencyConditions":["Succeeded"]}],"userProperties":[],"typeProperties":{"variableName":"run_status","value":{"value":"@if(\n    or(\n        equals(activity('get_run_status').output.state.life_cycle_state,'PENDING' )\n        ,equals(activity('get_run_status').output.state.life_cycle_state,'RUNNING' )\n    )\n    ,'RUNNING'\n    ,if(\n        equals(activity('get_run_status').output.state.life_cycle_state,'SKIPPED' )\n        ,'SKIPPED'\n        ,activity('get_run_status').output.state.result_state\n        )\n    )\n","type":"Expression"}}},{"name":"wait","type":"Wait","dependsOn":[{"activity":"set_run_status","dependencyConditions":["Succeeded"]}],"userProperties":[],"typeProperties":{"waitTimeInSeconds":{"value":"@pipeline().parameters.WaitSeconds","type":"Expression"}}}],"timeout":"0.12:00:00"}},{"name":"if_result_condition","type":"IfCondition","dependsOn":[{"activity":"until_end_run","dependencyConditions":["Succeeded"]}],"userProperties":[],"typeProperties":{"expression":{"value":"@equals(variables('run_status'),'FAILED')","type":"Expression"},"ifTrueActivities":[{"name":"failed","type":"Fail","dependsOn":[],"userProperties":[],"typeProperties":{"message":{"value":"Failed. \nMessage: @{activity('get_run_status').output.state.state_message}\nRun page URL: @{activity('get_run_status').output.run_page_url}\n\n","type":"Expression"},"errorCode":"-1"}}]}}],"policy":{"elapsedTimeMetric":{},"cancelAfter":{}},"parameters":{"DatabricksWorkspaceId":{"type":"string"},"WaitSeconds":{"type":"int","defaultValue":30},"JobId":{"type":"string"}},"variables":{"run_status":{"type":"String","defaultValue":"RUNNING"}},"annotations":[]},"dependsOn":[]}]}